提交编号,题目编号,题目名称,状态,分数,总时间,内存,语言,代码长度,提交者,提交时间
861031,2119,「HEOI2015」公约数数列,Accepted,100,729 ms,14.96 M,C++,2.8 K,cutekibry,2020-07-14 7:39:25
860782,2562,「SDOI2018」战略游戏,Accepted,100,2872 ms,52.37 M,C++,3.1 K,cutekibry,2020-07-13 19:44:53
860193,146,DFS 序 3，树上差分 1,Accepted,100,5144 ms,153.15 M,C++,3.1 K,cutekibry,2020-07-13 7:41:49
860107,10067,「一本通 3.1 练习 2」构造完全图,Accepted,100,89 ms,2.75 M,C++,1.2 K,cutekibry,2020-07-12 21:55:24
860077,137,最小瓶颈路 加强版,Accepted,100,1319 ms,24.50 M,C++,2.1 K,cutekibry,2020-07-12 20:44:53
860056,134,二维树状数组 2：区间修改，单点查询,Accepted,100,4038 ms,128.50 M,C++,772 B,cutekibry,2020-07-12 19:59:23
860032,117,有源汇有上下界最小流,Accepted,100,1214 ms,8.50 M,C++,2.1 K,cutekibry,2020-07-12 19:40:54
859983,116,有源汇有上下界最大流,Accepted,100,19 ms,764 K,C++,2.1 K,cutekibry,2020-07-12 18:54:51
859969,6283,数列分块入门 7,Accepted,100,749 ms,992 K,C++,1.8 K,cutekibry,2020-07-12 18:42:02
859625,3303,「联合省选 2020 A」树,Accepted,100,15470 ms,92.25 M,C++,2.1 K,cutekibry,2020-07-12 7:49:06
859623,3299,「联合省选 2020 A | B」冰火战士,Accepted,100,6064 ms,133.59 M,C++,4.0 K,cutekibry,2020-07-12 7:47:48
859435,3156,「NOI2019」回家路线,Accepted,100,362 ms,9.25 M,C++,2.4 K,cutekibry,2020-07-11 19:57:11
859264,10050,「一本通 2.3 例 2」The XOR Largest Pair,Accepted,100,82 ms,10.75 M,C++,759 B,cutekibry,2020-07-11 16:45:27
859255,10119,「一本通 4.2 例 1」数列区间最大值,Accepted,100,214 ms,8.53 M,C++,1.4 K,cutekibry,2020-07-11 16:37:24
859249,10012,「一本通 1.2 例 2」Best Cow Fences,Accepted,100,45 ms,508 K,C++,695 B,cutekibry,2020-07-11 16:28:39
859149,6279,数列分块入门 3,Accepted,100,7719 ms,1.28 M,C++,2.0 K,cutekibry,2020-07-11 14:14:35
838766,2567,「APIO2016」划艇,Accepted,100,14100 ms,4.25 M,C++,3.4 K,cutekibry,2020-06-17 7:08:33
837171,2569,「APIO2016」最大差分,Accepted,100,15950 ms,1.00 M,C++,1.3 K,cutekibry,2020-06-15 19:17:36
836502,3271,「JOISC 2020 Day1」建筑装饰 4,Accepted,100,4692 ms,23.93 M,C++,1.3 K,cutekibry,2020-06-15 10:08:27
834148,2865,「IOI2018」狼人,Accepted,100,18163 ms,615 K,C++,4.9 K,cutekibry,2020-06-12 21:37:24
833583,6727,「hyOI2020」henry_y 的数列,Accepted,100,16291 ms,2.90 M,C++,4.1 K,cutekibry,2020-06-12 13:45:40
816852,6718,九个太阳「弱」化版,Accepted,100,5379 ms,7.60 M,C++,3.7 K,cutekibry,2020-05-25 14:05:03
816580,10202,「一本通 6.2 练习 5」樱花,Accepted,100,16 ms,1.13 M,C++,406 B,cutekibry,2020-05-24 21:04:12
746275,2311,「ZJOI2006」物流运输,Accepted,100,25 ms,252 K,C++,1.9 K,cutekibry,2020-02-17 9:06:47
742049,10196,「一本通 6.1 练习 3」越狱,Accepted,100,12 ms,184 K,C++,454 B,cutekibry,2020-02-11 10:03:57
723661,2033,「SDOI2016」生成魔咒,Accepted,100,392 ms,13.28 M,C++,1.1 K,cutekibry,2020-01-17 16:48:20
722202,2291,「THUSC 2016」补退选,Accepted,100,7497 ms,140.07 M,C++,1.2 K,cutekibry,2020-01-16 18:34:16
721580,2102,「TJOI2015」弦论,Accepted,100,2680 ms,102.97 M,C++,1.8 K,cutekibry,2020-01-16 14:12:40
714307,2049,「HNOI2016」网络,Accepted,100,6377 ms,175.94 M,C++,2.4 K,cutekibry,2020-01-08 20:54:10
714218,2043,「CQOI2016」K 远点对,Accepted,100,597 ms,4.00 M,C++,2.7 K,cutekibry,2020-01-08 19:48:15
703029,10209,「一本通 6.4 例 1」青蛙的约会,Accepted,100,20 ms,124 K,C++,514 B,cutekibry,2019-12-20 18:58:59
702864,2558,「LNOI2014」LCA,Accepted,100,360 ms,3.94 M,C++,3.1 K,cutekibry,2019-12-20 13:41:54
702493,2059,「TJOI / HEOI2016」字符串,Accepted,100,5226 ms,24.47 M,C++,4.1 K,cutekibry,2019-12-19 21:03:21
701487,2377,「AHOI2013」 差异,Accepted,100,1546 ms,17.75 M,C++ 11,1.9 K,cutekibry,2019-12-18 20:04:09
700564,2305,「NOI2017」游戏,Accepted,100,204 ms,9.45 M,C++,2.4 K,cutekibry,2019-12-17 19:35:28
699942,2527,「HAOI2018」染色,Accepted,100,1777 ms,78.62 M,C++,2.7 K,cutekibry,2019-12-16 22:04:51
699593,2653,「POI2007」山峰和山谷 Ridges and Valleys,Accepted,100,1105 ms,12.62 M,C++,1.6 K,cutekibry,2019-12-16 18:57:32
699587,6183,看无可看,Accepted,100,3784 ms,10.87 M,C++,3.6 K,cutekibry,2019-12-16 18:45:02
697214,2143,「SHOI2017」组合数问题,Accepted,100,546 ms,124 K,C++,1.2 K,cutekibry,2019-12-14 7:19:31
696161,2513,「BJOI2018」治疗之雨,Accepted,100,1308 ms,232 K,C++,2.3 K,cutekibry,2019-12-12 17:36:48
689465,2062,「HAOI2016」地图,Accepted,100,2438 ms,11.16 M,C++,3.9 K,cutekibry,2019-12-05 18:44:13
684571,6054,「from CommonAnts」一道数学题,Accepted,100,383 ms,30.12 M,C++,7.5 K,cutekibry,2019-11-29 14:14:58
683469,2065,「SDOI2016」模式字符串,Accepted,100,1840 ms,7.87 M,C++,3.6 K,cutekibry,2019-11-26 21:07:11
683048,6433,「PKUSC2018」最大前缀和,Accepted,100,1258 ms,12.12 M,C++,1.6 K,cutekibry,2019-11-25 20:04:59
682752,2114,「HNOI2015」菜肴制作,Accepted,100,591 ms,2.44 M,C++,992 B,cutekibry,2019-11-25 13:49:59
682422,2058,「TJOI / HEOI2016」求和,Accepted,100,383 ms,3.87 M,C++,2.7 K,cutekibry,2019-11-23 18:10:30
682034,2048,「HNOI2016」最小公倍数,Accepted,100,4787 ms,4.82 M,C++,4.2 K,cutekibry,2019-11-22 21:56:26
681851,2874,「JOISC 2014 Day1」历史研究,Accepted,100,5222 ms,3.60 M,C++,2.4 K,cutekibry,2019-11-22 15:01:32
677658,2148,「SCOI2005」栅栏,Accepted,100,327 ms,252 K,C++,1.2 K,cutekibry,2019-11-14 16:48:36
677657,2149,「SCOI2005」繁忙的都市,Accepted,100,35 ms,252 K,C++,769 B,cutekibry,2019-11-14 16:48:15
677656,2152,「SCOI2005」王室联邦,Accepted,100,28 ms,4.00 M,C++,1.4 K,cutekibry,2019-11-14 16:47:49
677509,6287,诗歌,Accepted,100,736 ms,5.87 M,C++,2.4 K,cutekibry,2019-11-14 15:53:51
664896,2151,「SCOI2005」骑士精神,Accepted,100,415 ms,43.00 M,C++,3.0 K,cutekibry,2019-11-07 9:24:26
656739,6247,九个太阳,Accepted,100,120 ms,124 K,C++,1.1 K,cutekibry,2019-11-01 7:08:10
652363,2184,「SDOI2015」星际战争,Accepted,100,31 ms,252 K,C++,2.2 K,cutekibry,2019-10-28 20:20:03
633089,2030,「SDOI2016」储能表,Accepted,100,1606 ms,200 K,C++,1.9 K,cutekibry,2019-10-10 13:50:38
630844,2060,「HAOI2016」食物链,Accepted,100,266 ms,8.12 M,C++,908 B,cutekibry,2019-10-08 14:02:03
630452,6702,「hyOI2019」henry_y 的莫比乌斯函数,Accepted,100,4262 ms,40.88 M,C++,1.5 K,cutekibry,2019-10-07 21:50:39
621996,2004,「SDOI2017」硬币游戏,Accepted,100,271 ms,3.00 M,C++,2.2 K,cutekibry,2019-09-30 18:31:13
613758,2986,「SHOI2008」堵塞的交通,Accepted,100,765 ms,6.36 M,C++,4.5 K,cutekibry,2019-09-23 13:31:21
585577,10203,「一本通 6.3 例 1」反素数 Antiprime,Accepted,100,20 ms,124 K,C++,1.1 K,cutekibry,2019-08-26 19:48:44
585505,10091,「一本通 3.5 例 1」受欢迎的牛,Accepted,100,65 ms,1.12 M,C++,1.8 K,cutekibry,2019-08-26 18:33:44
564840,2483,「CEOI2017」Building Bridges,Accepted,100,1477 ms,66.03 M,C++,1.9 K,cutekibry,2019-08-09 11:11:24
564688,2481,「CEOI2017」Sure Bet,Accepted,100,891 ms,1.12 M,C++,732 B,cutekibry,2019-08-09 9:55:31
562990,2169,「POI2011 R3 Day2」流星 Meteors,Accepted,100,4478 ms,11.47 M,C++,2.6 K,cutekibry,2019-08-08 10:11:08
560276,10183,「一本通 5.5 练习 4」股票交易,Accepted,100,368 ms,31.00 M,C++,1.2 K,cutekibry,2019-08-06 6:41:24
559733,2157,「POI2011 R1」避雷针 Lightning Conductor,Accepted,100,2521 ms,9.73 M,C++,1.6 K,cutekibry,2019-08-05 19:24:32
553002,10069,「一本通 3.1 练习 4」Tree,Accepted,100,712 ms,2.00 M,C++,2.0 K,cutekibry,2019-08-01 13:56:24
540538,2718,「NOI2018」归程,Accepted,100,11939 ms,29.04 M,C++,4.1 K,cutekibry,2019-07-22 17:46:44
513729,6680,「hyOI2019」henry_y 的函数,Accepted,100,2996 ms,125.37 M,C++,1.6 K,cutekibry,2019-07-10 13:02:50
511185,2417,"「USACO 2016 US Open, Platinum」262144",Accepted,100,1046 ms,61.12 M,C++,587 B,cutekibry,2019-07-09 7:52:37
510510,2552,「CTSC2018」假面,Accepted,100,2118 ms,356 K,C++,2.2 K,cutekibry,2019-07-08 19:50:15
484841,2085,「NOI2016」循环之美,Accepted,100,4701 ms,125.50 M,C++,2.5 K,cutekibry,2019-06-14 17:28:32
482358,2198,「SDOI2014」重建,Accepted,100,20 ms,200 K,C++,1.1 K,cutekibry,2019-06-12 18:32:58
478199,2667,「NOI2013」矩阵游戏,Accepted,100,133 ms,124 K,C++,1.7 K,cutekibry,2019-06-07 9:12:34
478107,2245,「NOI2014」魔法森林,Accepted,100,2156 ms,4.50 M,C++,3.5 K,cutekibry,2019-06-06 23:20:42
477141,2537,「PKUWC2018」Minimax,Accepted,100,1491 ms,49.30 M,C++,3.2 K,cutekibry,2019-06-05 18:10:46
475640,6169,相似序列,Accepted,100,1789 ms,77.96 M,C++,4.0 K,cutekibry,2019-06-04 13:24:19
475158,167,康托展开,Accepted,100,794 ms,7.75 M,C++,1.1 K,cutekibry,2019-06-03 21:54:11
473677,166,拉格朗日插值 2,Accepted,100,1809 ms,16.56 M,C++,2.7 K,cutekibry,2019-06-02 15:25:46
470681,2271,「SDOI2017」遗忘的集合,Accepted,100,18141 ms,80.63 M,C++,5.4 K,cutekibry,2019-05-30 22:27:01
464427,6018,Shlw loves matrix II,Accepted,100,1336 ms,356 K,C++,4.2 K,cutekibry,2019-05-24 21:55:21
463835,6017,Shlw loves matrix I,Accepted,100,2989 ms,264 K,C++,1.4 K,cutekibry,2019-05-24 12:56:48
462605,2952,「NOIP2018」赛道修建,Accepted,100,2075 ms,5.87 M,C++,2.3 K,cutekibry,2019-05-23 13:15:46
461556,2359,「NOIP2016」天天爱跑步,Accepted,100,5581 ms,338.26 M,C++ 11 (Clang),4.0 K,cutekibry,2019-05-22 18:46:18
459009,6625,时间复杂度,Accepted,100,2778 ms,12.75 M,C++,2.5 K,cutekibry,2019-05-20 22:28:56
458913,3110,「SDOI2019」快速查询,Accepted,100,8016 ms,40.37 M,C++,3.2 K,cutekibry,2019-05-20 21:17:12
457875,2542,「PKUWC2018」随机游走,Accepted,100,503 ms,1.08 M,C++,2.6 K,cutekibry,2019-05-19 21:16:44
455465,3048,「十二省联考 2019」异或粽子,Accepted,100,9607 ms,360.48 M,C++,2.6 K,cutekibry,2019-05-17 22:26:02
452165,2220,「HEOI2014」平衡,Accepted,100,866 ms,8.75 M,C++,1.1 K,cutekibry,2019-05-15 13:22:42
451792,2221,「HEOI2014」南园满地堆轻絮,Accepted,100,1184 ms,19.25 M,C++,732 B,cutekibry,2019-05-14 21:48:40
451200,2120,「HEOI2015」定价,Accepted,100,19 ms,124 K,C++,890 B,cutekibry,2019-05-14 13:41:39
450912,2086,「NOI2016」区间,Accepted,100,2814 ms,27.62 M,C++,2.0 K,cutekibry,2019-05-13 23:13:27
450135,2312,「HAOI2017」八纵八横,Accepted,100,663 ms,2.54 M,C++,5.8 K,cutekibry,2019-05-13 10:51:31
447754,6028,「from CommonAnts」质数计数 II,Accepted,100,5379 ms,44.00 M,C++,2.0 K,cutekibry,2019-05-11 10:05:29
447277,6027,「from CommonAnts」质数计数 I,Accepted,100,1568 ms,11.00 M,C++,2.1 K,cutekibry,2019-05-10 22:01:27
441027,2182,「SDOI2015」寻宝游戏,Accepted,100,3696 ms,18.87 M,C++,2.8 K,cutekibry,2019-05-06 13:07:56
439916,2471,「九省联考 2018」一双木棋,Accepted,100,536 ms,54.44 M,C++,2.2 K,cutekibry,2019-05-05 13:51:16
439621,2035,「SDOI2016」征途,Accepted,100,120 ms,252 K,C++,1.2 K,cutekibry,2019-05-04 22:42:19
436585,2095,「CQOI2015」选数,Accepted,100,1857 ms,50.43 M,C++,2.2 K,cutekibry,2019-05-02 21:44:32
435906,2193,「SDOI2014」数表,Accepted,100,1262 ms,2.19 M,C++,2.5 K,cutekibry,2019-05-02 14:25:20
435835,10114,「一本通 4.1 例 2」数星星 Stars,Accepted,100,62 ms,480 K,C++,871 B,cutekibry,2019-05-02 13:22:33
433788,6053,简单的函数,Accepted,100,3432 ms,6.37 M,C++,4.0 K,cutekibry,2019-04-30 13:12:49
432427,6539,奇妙数论题,Accepted,100,1111 ms,78.14 M,C++,1.9 K,cutekibry,2019-04-29 13:04:23
431814,6235,区间素数个数,Accepted,100,5464 ms,11.62 M,C++,1.5 K,cutekibry,2019-04-28 20:38:22
429746,2241,「CQOI2014」排序机械臂,Accepted,100,815 ms,4.09 M,C++,2.3 K,cutekibry,2019-04-26 21:11:49
428434,2273,「JXOI2017」数列,Accepted,100,1852 ms,28.50 M,C++,2.2 K,cutekibry,2019-04-25 17:52:21
428217,2544,「JXOI2018」游戏,Accepted,100,1603 ms,85.75 M,C++,1.3 K,cutekibry,2019-04-25 15:20:53
427621,2026,「JLOI / SHOI2016」成绩比较,Accepted,100,54 ms,252 K,C++,2.3 K,cutekibry,2019-04-24 21:58:57
425487,165,拉格朗日插值,Accepted,100,3344 ms,232 K,C++,1.4 K,cutekibry,2019-04-22 21:15:15
425012,6261,一个人的高三楼,Accepted,100,1043 ms,7.18 M,C++,2.7 K,cutekibry,2019-04-22 13:37:37
424529,6024,XLkxc,Accepted,100,82 ms,124 K,C++,1.6 K,cutekibry,2019-04-21 19:45:31
423973,2578,「TJOI2018」教科书般的亵渎,Accepted,100,69 ms,124 K,C++,1.9 K,cutekibry,2019-04-21 13:55:12
423896,2132,「NOI2015」荷马史诗,Accepted,100,401 ms,3.12 M,C++,1.2 K,cutekibry,2019-04-21 10:52:29
423008,556,「Antileaf's Round」咱们去烧菜吧,Accepted,100,7313 ms,20.93 M,C++,4.8 K,cutekibry,2019-04-19 23:21:02
420325,2409,「THUPC 2017」小 L 的计算题 / Sum,Accepted,100,2598 ms,290.12 M,C++,5.0 K,cutekibry,2019-04-17 20:34:19
419027,6469,Magic,Accepted,100,1047 ms,14.87 M,C++,1.4 K,cutekibry,2019-04-16 21:32:57
417751,2993,「AHOI2018 初中组」根式化简,Accepted,100,1444 ms,2.02 M,C++ 11,1.1 K,cutekibry,2019-04-15 22:24:55
416962,2109,「JLOI2015」骗我呢,Accepted,100,1495 ms,36.78 M,C++ 11,1.5 K,cutekibry,2019-04-15 15:10:18
416430,2077,「JSOI2016」飞机调度,Accepted,100,679 ms,3.02 M,C++ 11,1.7 K,cutekibry,2019-04-14 22:18:49
407149,2081,「JSOI2016」反质数序列,Accepted,100,1127 ms,3.37 M,C++,1.9 K,cutekibry,2019-04-09 13:16:41
406539,2108,「JLOI2015」装备购买,Accepted,100,555 ms,6.89 M,C++,1.4 K,cutekibry,2019-04-08 23:00:37
406455,2107,「JLOI2015」城池攻占,Accepted,100,1951 ms,48.16 M,C++,2.7 K,cutekibry,2019-04-08 22:05:37
401947,2127,「HAOI2015」按位或,Accepted,100,1255 ms,12.12 M,C++,867 B,cutekibry,2019-04-06 15:36:09
401737,162,快速幂 2,Accepted,100,541 ms,408 K,C++,1.7 K,cutekibry,2019-04-06 10:52:24
401530,6234,彩色弹珠,Accepted,100,1496 ms,10.37 M,C++,1.3 K,cutekibry,2019-04-05 22:49:55
400980,2195,「SDOI2014」旅行,Accepted,100,3901 ms,27.78 M,C++,4.0 K,cutekibry,2019-04-05 15:25:57
400898,2441,「SCOI2011」棘手的操作,Accepted,100,601 ms,20.02 M,C++,4.5 K,cutekibry,2019-04-05 14:09:34
400484,2071,「JSOI2016」最佳团体,Accepted,100,1583 ms,38.75 M,C++,1.5 K,cutekibry,2019-04-04 22:43:28
400413,6164,「美团 CodeM 初赛 Round A」数列互质,Accepted,100,2053 ms,45.20 M,C++,3.0 K,cutekibry,2019-04-04 21:32:47
398865,2031,「SDOI2016」数字配对,Accepted,100,181 ms,1008 K,C++,3.4 K,cutekibry,2019-04-03 21:12:03
397014,2021,「AHOI / HNOI2017」大佬,Accepted,100,13360 ms,6.62 M,C++,2.7 K,cutekibry,2019-04-02 22:34:04
396071,2254,「SNOI2017」一个简单的询问,Accepted,100,961 ms,4.13 M,C++,2.0 K,cutekibry,2019-04-02 16:53:48
394418,6499,「雅礼集训 2018 Day2」颜色,Accepted,100,5938 ms,4.09 M,C++,3.7 K,cutekibry,2019-04-01 21:52:00
392633,515,「LibreOJ β Round #2」贪心只能过样例,Accepted,100,7259 ms,380 K,C++,679 B,cutekibry,2019-03-31 18:23:38
392162,2383,「HNOI2013」游走,Accepted,100,254 ms,3.50 M,C++,1.7 K,cutekibry,2019-03-31 14:49:09
391858,2032,「SDOI2016」游戏,Accepted,100,3874 ms,20.32 M,C++,5.1 K,cutekibry,2019-03-31 10:25:33
391615,6285,数列分块入门 9,Accepted,100,6957 ms,19.11 M,C++,3.2 K,cutekibry,2019-03-30 21:56:16
391247,10144,「一本通 4.6 练习 1」宠物收养所,Accepted,100,229 ms,892 K,C++,3.2 K,cutekibry,2019-03-30 15:30:57
391108,2183,「SDOI2015」序列统计,Accepted,100,1138 ms,380 K,C++,2.6 K,cutekibry,2019-03-30 14:04:50
389700,2451,「POI2010」仓鼠 Hamsters,Accepted,100,2533 ms,1.87 M,C++,2.4 K,cutekibry,2019-03-29 9:27:47
387989,2466,「POI2014」卡片 Card,Accepted,100,8684 ms,10.48 M,C++,1.7 K,cutekibry,2019-03-27 20:50:35
386734,2427,「POI2010」珍珠项链 Beads,Accepted,100,2748 ms,7.12 M,C++,1.6 K,cutekibry,2019-03-26 22:11:14
386634,2452,「POI2010」反对称 Antisymmetry,Accepted,100,1878 ms,6.37 M,C++,1.4 K,cutekibry,2019-03-26 21:28:42
385122,6396,「THUPC2018」弗雷兹的玩具商店 / Toyshop,Accepted,100,5201 ms,219.39 M,C++ 17 (Clang),3.6 K,cutekibry,2019-03-25 21:00:52
382976,2980,「THUSCH 2017」大魔法师,Accepted,100,20592 ms,58.12 M,C++,5.1 K,cutekibry,2019-03-23 21:23:04
332011,6029,「雅礼集训 2017 Day1」市场,Accepted,100,3537 ms,8.49 M,C++,3.3 K,cutekibry,2019-02-10 13:48:34
331274,2023,「AHOI / HNOI2017」抛硬币,Accepted,100,764 ms,7.63 M,C++,2.6 K,cutekibry,2019-02-09 12:04:45
330524,2264,「CTSC2017」吉夫特,Accepted,100,1949 ms,1020 K,C++,673 B,cutekibry,2019-02-07 15:05:18
330418,10141,「一本通 4.5 练习 3」染色,Accepted,100,1934 ms,14.07 M,C++,4.2 K,cutekibry,2019-02-07 11:38:13
330081,2279,「SCOI2007」降雨量,Accepted,100,273 ms,2.44 M,C++,3.1 K,cutekibry,2019-02-06 13:27:15
329806,121,「离线可过」动态图连通性,Accepted,100,3496 ms,49.00 M,C++,3.7 K,cutekibry,2019-02-05 17:30:49
329757,557,「Antileaf's Round」你这衣服租来的吗,Accepted,100,25733 ms,115.71 M,C++,4.4 K,cutekibry,2019-02-05 16:04:13
329703,10117,「一本通 4.1 练习 2」简单题,Accepted,100,636 ms,412 K,C++,753 B,cutekibry,2019-02-05 14:40:48
329698,2559,「HNOI2003」消防局的设立,Accepted,100,20 ms,252 K,C++,1.6 K,cutekibry,2019-02-05 14:36:07
329445,2013,「SCOI2016」幸运数字,Accepted,100,3553 ms,39.16 M,C++,4.6 K,cutekibry,2019-02-04 16:24:51
329194,2332,「JOI 2017 Final」焚风现象,Accepted,100,6281 ms,3.24 M,C++,1.5 K,cutekibry,2019-02-03 23:20:35
329138,6258,「CodePlus 2017 12 月赛」火锅盛宴	,Accepted,100,6699 ms,11.32 M,C++,4.4 K,cutekibry,2019-02-03 21:57:22
329069,125,除数函数求和 2,Accepted,100,91 ms,124 K,C++,690 B,cutekibry,2019-02-03 20:54:57
328931,2055,「TJOI / HEOI2016」排序,Accepted,100,967 ms,198.62 M,C++,3.6 K,cutekibry,2019-02-03 17:52:22
328909,2012,「SCOI2016」背单词,Accepted,100,417 ms,35.37 M,C++,1.8 K,cutekibry,2019-02-03 16:58:08
328869,149,01 分数规划,Accepted,100,12578 ms,1.62 M,C++,680 B,cutekibry,2019-02-03 15:35:40
328861,124,除数函数求和 1,Accepted,100,10838 ms,66.87 M,C++,961 B,cutekibry,2019-02-03 15:18:20
327211,2003,「SDOI2017」新生舞会,Accepted,100,3026 ms,636 K,C++,2.0 K,cutekibry,2019-01-31 16:37:16
325294,514,「LibreOJ β Round #2」模拟只会猜题意,Accepted,100,703 ms,256 K,C++,538 B,cutekibry,2019-01-28 20:18:26
324439,10138,「一本通 4.5 例 1」树的统计,Accepted,100,1149 ms,4.25 M,C++,2.7 K,cutekibry,2019-01-28 10:20:18
324438,2019,「AHOI / HNOI2017」影魔,Accepted,100,2000 ms,25.33 M,C++,3.3 K,cutekibry,2019-01-28 10:18:57
324118,2129,「NOI2015」程序自动分析,Accepted,100,1795 ms,14.25 M,C++,1.3 K,cutekibry,2019-01-27 21:27:37
323210,2014,「SCOI2016」萌萌哒,Accepted,100,739 ms,6.25 M,C++,1.6 K,cutekibry,2019-01-27 10:43:42
323122,2054,「TJOI / HEOI2016」树,Accepted,100,772 ms,6.97 M,C++,1.5 K,cutekibry,2019-01-27 9:59:08
320173,6002,「网络流 24 题」最小路径覆盖,Accepted,100,28 ms,124 K,C++,1.1 K,cutekibry,2019-01-24 14:20:04
320157,10013,「一本通 1.2 例 3」曲线,Accepted,100,359 ms,252 K,C++,860 B,cutekibry,2019-01-24 14:03:41
320070,6284,数列分块入门 8,Accepted,100,1493 ms,876 K,C++,1.8 K,cutekibry,2019-01-24 11:34:39
320028,10035,「一本通 2.1 练习 1」Power Strings,Accepted,100,345 ms,8.75 M,C++,1.2 K,cutekibry,2019-01-24 11:08:31
319990,6282,数列分块入门 6,Accepted,100,906 ms,3.23 M,C++,1.7 K,cutekibry,2019-01-24 10:45:27
319959,6281,数列分块入门 5,Accepted,100,619 ms,760 K,C++,2.2 K,cutekibry,2019-01-24 10:21:40
319951,6280,数列分块入门 4,Accepted,100,1331 ms,784 K,C++,2.3 K,cutekibry,2019-01-24 10:16:11
319911,10011,「一本通 1.2 例 1」愤怒的牛,Accepted,100,77 ms,508 K,C++,674 B,cutekibry,2019-01-24 9:59:40
319884,10155,「一本通 5.2 例 3」数字转换,Accepted,100,32 ms,1.25 M,C++,997 B,cutekibry,2019-01-24 9:44:15
319656,10034,「一本通 2.1 例 2」图书管理,Accepted,100,89 ms,712 K,C++,623 B,cutekibry,2019-01-23 19:52:57
319611,2956,「SHOI2013」发牌,Accepted,100,3292 ms,13.55 M,C++ 11 (Clang),1.9 K,cutekibry,2019-01-23 17:41:16
319602,2953,「NOIP2018」旅行,Accepted,100,2651 ms,19.98 M,C++ 11 (Clang),1.4 K,cutekibry,2019-01-23 17:23:59
319590,2951,「NOIP2018」货币系统,Accepted,100,228 ms,252 K,C++ 11 (Clang),725 B,cutekibry,2019-01-23 17:10:59
319496,10128,「一本通 4.3 练习 2」花神游历各国,Accepted,100,826 ms,2.50 M,C++ 11 (Clang),1.7 K,cutekibry,2019-01-23 16:02:10
319493,10129,「一本通 4.3 练习 3」维护序列,Accepted,100,1757 ms,6.00 M,C++ 11 (Clang),2.2 K,cutekibry,2019-01-23 15:57:26
319474,2823,「BalticOI 2014 Day 1」三个朋友,Accepted,100,766 ms,17.29 M,C++ 11 (Clang),1.5 K,cutekibry,2019-01-23 15:48:18
319419,2484,「CEOI2017」Palindromic Partitions,Accepted,100,639 ms,8.75 M,C++ 11 (Clang),1.4 K,cutekibry,2019-01-23 15:18:19
319386,6083,「美团 CodeM 资格赛」数码,Accepted,100,80 ms,124 K,C++,710 B,cutekibry,2019-01-23 14:23:06
319324,10227,「一本通 6.6 例 2」2^k 进制数,Accepted,100,207 ms,1020 K,C++,1.6 K,cutekibry,2019-01-23 11:56:45
319322,10205,「一本通 6.3 例 3」最大公约数,Accepted,100,473 ms,380 K,C++,1.9 K,cutekibry,2019-01-23 11:54:54
319320,10198,「一本通 6.2 练习 1」质因数分解,Accepted,100,22 ms,124 K,C++,219 B,cutekibry,2019-01-23 11:53:27
319318,10194,「一本通 6.1 练习 1」A 的 B 次方,Accepted,100,20 ms,124 K,C++,389 B,cutekibry,2019-01-23 11:51:54
319317,10193,「一本通 6.1 例 1」序列的第 k 个数,Accepted,100,20 ms,124 K,C++,643 B,cutekibry,2019-01-23 11:50:45
319313,10190,「一本通 5.6 练习 3」特别行动队,Accepted,100,492 ms,19.00 M,C++,1.3 K,cutekibry,2019-01-23 11:42:45
319312,10188,「一本通 5.6 练习 1」玩具装箱,Accepted,100,88 ms,1.12 M,C++,840 B,cutekibry,2019-01-23 11:42:06
319310,10182,「一本通 5.5 练习 3」理想的正方形,Accepted,100,1076 ms,11.75 M,C++ 11 (Clang),1.7 K,cutekibry,2019-01-23 11:40:07
319304,10175,「一本通 5.5 例 1」滑动窗口,Accepted,100,1839 ms,16.24 M,C++ 11 (Clang),1.1 K,cutekibry,2019-01-23 11:35:05
319296,10158,「一本通 5.2 练习 1」加分二叉树,Accepted,100,10 ms,124 K,C++,991 B,cutekibry,2019-01-23 11:32:03
319292,10152,「一本通 5.1 练习 3」矩阵取数游戏,Accepted,100,554 ms,3.12 M,C++,2.1 K,cutekibry,2019-01-23 11:31:00
319290,10147,「一本通 5.1 例 1」石子合并,Accepted,100,22 ms,380 K,C++,1.0 K,cutekibry,2019-01-23 11:29:25
319289,10145,「一本通 4.6 练习 2」郁闷的出纳员,Accepted,100,693 ms,4.32 M,C++,2.5 K,cutekibry,2019-01-23 11:28:36
318236,10127,「一本通 4.3 练习 1」最大数,Accepted,100,668 ms,6.92 M,Pascal,1.5 K,cutekibry,2019-01-21 22:39:21
318234,2125,「HAOI2015」树上操作,Accepted,100,965 ms,12.20 M,C++,2.8 K,cutekibry,2019-01-21 22:36:21
318233,2130,「NOI2015」软件包管理器,Accepted,100,2011 ms,5.39 M,C++,2.9 K,cutekibry,2019-01-21 22:35:54
318231,2097,「CQOI2015」任务查询系统,Accepted,100,1333 ms,71.80 M,C++,2.7 K,cutekibry,2019-01-21 22:33:40
318067,2244,「NOI2014」起床困难综合症,Accepted,100,201 ms,124 K,C++,858 B,cutekibry,2019-01-21 19:37:00
318063,2228,「AHOI2014」奇怪的计算器,Accepted,100,1083 ms,17.83 M,C++,5.0 K,cutekibry,2019-01-21 19:31:25
317888,2016,「SCOI2016」美味,Accepted,100,9509 ms,41.37 M,C++,2.2 K,cutekibry,2019-01-21 15:30:13
316508,2057,「TJOI / HEOI2016」游戏,Accepted,100,14 ms,252 K,C++,1.9 K,cutekibry,2019-01-19 17:43:31
316494,2006,「SCOI2015」小凸玩矩阵,Accepted,100,299 ms,1.12 M,C++,1.7 K,cutekibry,2019-01-19 17:32:16
316448,2573,「TJOI2018」数学计算,Accepted,100,2520 ms,540 K,C++,2.3 K,cutekibry,2019-01-19 16:37:34
316244,2577,「TJOI2018」xor,Accepted,100,1830 ms,46.97 M,C++,4.0 K,cutekibry,2019-01-19 14:06:53
315920,2020,「AHOI / HNOI2017」礼物,Accepted,100,658 ms,13.41 M,C++,2.6 K,cutekibry,2019-01-18 22:55:59
313830,108,多项式乘法,Accepted,100,2172 ms,13.33 M,C++,2.2 K,cutekibry,2019-01-16 15:11:49
313467,2015,「SCOI2016」妖怪,Accepted,100,8277 ms,7.75 M,C++,1.2 K,cutekibry,2019-01-15 22:50:23
313442,6346,线段树：关于时间,Accepted,100,435 ms,8.48 M,C++,1.7 K,cutekibry,2019-01-15 22:28:06
310381,2074,「JSOI2016」灯塔,Accepted,100,489 ms,1.29 M,C++,902 B,cutekibry,2019-01-10 16:38:48
303562,2037,「SHOI2015」脑洞治疗仪,Accepted,100,2292 ms,8.21 M,C++,4.7 K,cutekibry,2019-01-01 13:37:13
301813,10229,「一本通 6.6 例 4」古代猪文,Accepted,100,67 ms,508 K,C++,1.6 K,cutekibry,2018-12-29 21:01:20
299873,2036,「SHOI2015」自动刷题机,Accepted,100,446 ms,508 K,Pascal,943 B,cutekibry,2018-12-27 22:04:39
295065,2038,「SHOI2015」超能粒子炮・改,Accepted,100,1715 ms,20.94 M,C++,1.4 K,cutekibry,2018-12-23 14:38:17
290268,501,「LibreOJ β Round」ZQC 的树列,Accepted,100,38 ms,252 K,C++,1.6 K,cutekibry,2018-12-17 18:24:50
290180,502,「LibreOJ β Round」ZQC 的截图,Accepted,100,16946 ms,76.47 M,C++,2.1 K,cutekibry,2018-12-17 16:54:07
289960,2122,「HEOI2015」小 Z 的房间,Accepted,100,20 ms,252 K,C++,2.0 K,cutekibry,2018-12-17 13:14:40
283252,2027,「SHOI2016」黑暗前的幻想乡,Accepted,100,643 ms,252 K,C++,1.9 K,cutekibry,2018-12-08 17:00:29
278346,139,树链剖分,Accepted,100,722 ms,16.41 M,C++,4.0 K,cutekibry,2018-12-02 9:47:22
278206,143,质数判定,Accepted,100,2544 ms,188 K,C++ 11,1.4 K,cutekibry,2018-12-01 21:20:27
271010,10008,「一本通 1.1 练习 4」家庭作业,Accepted,100,1079 ms,11.62 M,C++,786 B,cutekibry,2018-11-24 1:07:06
271009,10007,「一本通 1.1 练习 3」线段,Accepted,100,1060 ms,7.75 M,C++,456 B,cutekibry,2018-11-24 1:01:08
270483,10004,「一本通 1.1 例 5」智力大冲浪,Accepted,100,10 ms,124 K,C++,823 B,cutekibry,2018-11-23 17:48:07
270474,10005,「一本通 1.1 练习 1」数列极差,Accepted,100,6 ms,252 K,C++,890 B,cutekibry,2018-11-23 17:16:15
270466,10003,「一本通 1.1 例 4」加工生产调度,Accepted,100,24 ms,124 K,C++,992 B,cutekibry,2018-11-23 16:57:27
270457,10002,「一本通 1.1 例 3」喷水装置,Accepted,100,112 ms,380 K,C++,1.4 K,cutekibry,2018-11-23 16:34:27
269875,7,Input Test,Accepted,100,1155 ms,124 K,C++,405 B,cutekibry,2018-11-22 13:45:04
269858,2001,「SDOI2017」树点涂色,Accepted,100,1878 ms,18.03 M,C++,4.1 K,cutekibry,2018-11-22 13:34:48
269013,120,持久化序列,Accepted,100,1379 ms,219.95 M,C++,2.1 K,cutekibry,2018-11-20 21:40:26
268769,6,Guess Number,Accepted,100,53 ms,19 K,C++,435 B,cutekibry,2018-11-20 13:42:54
268756,5,Guess Date,Accepted,100,0 ms,0 K,,39 B,cutekibry,2018-11-20 13:24:37
268501,132,树状数组 3 ：区间修改，区间查询,Accepted,100,3331 ms,15.40 M,C++,1.1 K,cutekibry,2018-11-19 21:21:53
268084,10169,「一本通 5.3 练习 4」数字计数,Accepted,100,20 ms,124 K,C++,1.5 K,cutekibry,2018-11-18 21:05:08
267779,10165,「一本通 5.3 例 3」Windy 数,Accepted,100,19 ms,124 K,C++,1.0 K,cutekibry,2018-11-18 13:32:07
265828,131,树状数组 2 ：区间修改，单点查询,Accepted,100,1698 ms,7.74 M,C++,671 B,cutekibry,2018-11-14 13:37:11
261644,147,DFS 序 4,Accepted,100,6947 ms,198.19 M,C++,3.9 K,cutekibry,2018-11-07 13:59:07
261043,136,最小瓶颈路,Accepted,100,195 ms,1.24 M,C++,1.6 K,cutekibry,2018-11-06 21:12:56
260087,145,DFS 序 2,Accepted,100,3274 ms,66.56 M,C++,1.9 K,cutekibry,2018-11-06 12:49:01
260079,144,DFS 序 1,Accepted,100,2714 ms,38.36 M,C++,1.3 K,cutekibry,2018-11-06 12:38:16
260070,130,树状数组 1 ：单点修改，区间查询,Accepted,100,1277 ms,7.77 M,C++,614 B,cutekibry,2018-11-06 12:23:02
259966,6000,「网络流 24 题」搭配飞行员,Accepted,100,20 ms,124 K,C++,836 B,cutekibry,2018-11-06 10:47:30
259587,6278,数列分块入门 2,Accepted,100,1716 ms,792 K,C++,2.2 K,cutekibry,2018-11-05 21:55:39
252548,2028,「SHOI2016」随机序列,Accepted,100,574 ms,2.55 M,C++,1.2 K,cutekibry,2018-10-31 13:21:52
245889,2000,「SDOI2017」数字表格,Accepted,100,4602 ms,24.25 M,C++,2.2 K,cutekibry,2018-10-26 21:01:04
241517,2302,「NOI2017」整数,Accepted,100,6444 ms,23.92 M,C++,4.4 K,cutekibry,2018-10-23 21:29:55
237813,2236,「JLOI2014」松鼠的新家,Accepted,100,569 ms,22.20 M,C++,1.6 K,cutekibry,2018-10-20 19:50:46
237643,2187,「SHOI2014」三叉神经树,Accepted,100,7934 ms,44.79 M,C++,5.0 K,cutekibry,2018-10-20 17:11:11
234109,2186,「SDOI2015」道路修建,Accepted,100,624 ms,2.60 M,C++,4.2 K,cutekibry,2018-10-18 14:16:42
232475,2011,「SCOI2015」情报传递,Accepted,100,1559 ms,33.75 M,C++,2.6 K,cutekibry,2018-10-17 13:52:36
231945,2185,「SDOI2015」约数个数和,Accepted,100,1710 ms,1.18 M,C++,1.3 K,cutekibry,2018-10-16 21:10:25
228124,10014,「一本通 1.2 练习 1」数列分段 II,Accepted,100,83 ms,508 K,C++,557 B,cutekibry,2018-10-14 11:57:52
228122,10006,「一本通 1.1 练习 2」数列分段,Accepted,100,64 ms,508 K,C++,349 B,cutekibry,2018-10-14 11:56:29
228120,10018,「一本通 1.3 例 1」数的划分,Accepted,100,45 ms,124 K,C++,372 B,cutekibry,2018-10-14 11:53:59
228119,10001,「一本通 1.1 例 2」种树,Accepted,100,147 ms,7.12 M,C++,1006 B,cutekibry,2018-10-14 11:52:38
228113,4,Quine,Accepted,100,30 ms,3.12 M,Python 3,93 B,cutekibry,2018-10-14 11:39:39
227773,2005,「SDOI2017」相关分析,Accepted,100,1941 ms,18.50 M,C++,3.9 K,cutekibry,2018-10-13 21:48:31
226274,2034,「SDOI2016」排列计数,Accepted,100,2832 ms,7.78 M,C++,1.3 K,cutekibry,2018-10-11 21:52:50
225850,2002,「SDOI2017」序列计数,Accepted,100,8080 ms,20.87 M,C++,3.0 K,cutekibry,2018-10-11 17:48:38
225050,2154,「SCOI2005」扫雷,Accepted,100,26 ms,508 K,C++,601 B,cutekibry,2018-10-10 21:38:40
225037,2150,「SCOI2005」最大子矩阵,Accepted,100,440 ms,508 K,Pascal,1.4 K,cutekibry,2018-10-10 21:33:35
224205,2153,「SCOI2005」互不侵犯,Accepted,100,29 ms,380 K,C++,1.1 K,cutekibry,2018-10-10 13:10:47
224203,10000,「一本通 1.1 例 1」活动安排,Accepted,100,30 ms,124 K,C++,822 B,cutekibry,2018-10-10 12:58:47
218854,2319,「NOIP2017」列队,Accepted,100,5011 ms,48.99 M,C++,3.0 K,cutekibry,2018-10-05 14:35:08
218370,2589,「NOIP2009」Hankson 的趣味题,Accepted,100,166 ms,124 K,C++,3.4 K,cutekibry,2018-10-04 23:04:41
217918,6277,数列分块入门 1,Accepted,100,372 ms,556 K,C++,985 B,cutekibry,2018-10-04 18:00:09
216949,2503,「NOIP2014」解方程,Accepted,100,1399 ms,124 K,C++,878 B,cutekibry,2018-10-03 16:46:39
216823,2612,「NOIP2013」花匠,Accepted,100,1064 ms,23.00 M,C++,417 B,cutekibry,2018-10-03 15:45:15
216734,2599,「NOIP2011」计算系数,Accepted,100,46 ms,4.00 M,C++ 11,473 B,cutekibry,2018-10-03 14:37:02
216605,2609,「NOIP2013」火柴排队,Accepted,100,137 ms,2.37 M,C++ 11,991 B,cutekibry,2018-10-03 11:30:52
215965,2603,「NOIP2012」国王游戏,Accepted,100,277 ms,636 K,C++ 11,1.8 K,cutekibry,2018-10-02 16:00:49
215935,2360,「NOIP2016」换教室,Accepted,100,3046 ms,61.50 M,Pascal,2.0 K,cutekibry,2018-10-02 15:33:19
215934,2500,「NOIP2014」飞扬的小鸟,Accepted,100,551 ms,252 K,Pascal,1.8 K,cutekibry,2018-10-02 15:33:10
213143,2362,「NOIP2016」蚯蚓,Accepted,100,1790 ms,53.95 M,C++ 11,2.4 K,cutekibry,2018-09-29 7:11:23
210515,2318,「NOIP2017」宝藏,Accepted,100,1128 ms,508 K,C++ 11,1.5 K,cutekibry,2018-09-26 13:22:54
208979,2423,「NOIP2015」跳石头,Accepted,100,66 ms,380 K,C++ 11,592 B,cutekibry,2018-09-25 12:07:00
208978,2317,「NOIP2017」奶酪,Accepted,100,447 ms,124 K,C++ 11,1.1 K,cutekibry,2018-09-25 12:06:42
208278,2422,「NOIP2015」斗地主,Accepted,100,1660 ms,124 K,C++ 11,2.2 K,cutekibry,2018-09-23 21:55:32
208238,2424,「NOIP2015」子串,Accepted,100,280 ms,1.75 M,C++ 11,1.3 K,cutekibry,2018-09-23 21:01:40
207722,2610,「NOIP2013」货车运输,Accepted,100,325 ms,2.35 M,C++ 11,2.5 K,cutekibry,2018-09-23 11:00:11
207721,2363,「NOIP2016」愤怒的小鸟,Accepted,100,736 ms,2.12 M,C++ 11,1.3 K,cutekibry,2018-09-23 10:59:52
207719,2595,「NOIP2010」引水入城,Accepted,100,135 ms,5.75 M,C++ 11,1.8 K,cutekibry,2018-09-23 10:59:15
207718,2591,「NOIP2009」靶形数独,Accepted,100,1643 ms,124 K,C++ 11,1.9 K,cutekibry,2018-09-23 10:58:58
207717,2590,「NOIP2009」最优贸易,Accepted,100,516 ms,3.37 M,C++ 11,2.2 K,cutekibry,2018-09-23 10:58:36
207716,2600,「NOIP2011」聪明的质监员,Accepted,100,900 ms,6.25 M,C++ 11,1.0 K,cutekibry,2018-09-23 10:58:16
207714,2606,「NOIP2012」借教室,Accepted,100,1717 ms,8.12 M,C++ 11,1.2 K,cutekibry,2018-09-23 10:57:53
207713,2594,「NOIP2010」关押罪犯,Accepted,100,214 ms,1.37 M,C++ 11,667 B,cutekibry,2018-09-23 10:57:21
207712,2502,「NOIP2014」寻找道路,Accepted,100,136 ms,5.87 M,C++ 11,1.0 K,cutekibry,2018-09-23 10:57:15
207711,2597,「NOIP2011」选择客栈,Accepted,100,2228 ms,23.00 M,C++ 11,756 B,cutekibry,2018-09-23 10:56:21
207709,2593,「NOIP2010」乌龟棋,Accepted,100,540 ms,92.37 M,C++ 11,884 B,cutekibry,2018-09-23 10:55:05
207706,2361,「NOIP2016」组合数问题,Accepted,100,868 ms,28.98 M,C++ 11,574 B,cutekibry,2018-09-23 10:54:10
207702,2605,「NOIP2012」同余方程,Accepted,100,27 ms,124 K,C++ 11,318 B,cutekibry,2018-09-23 10:53:20
207701,2608,「NOIP2013」转圈游戏,Accepted,100,28 ms,124 K,C++ 11,323 B,cutekibry,2018-09-23 10:52:58
207700,2588,「NOIP2009」潜伏者,Accepted,100,35 ms,252 K,C++ 11,856 B,cutekibry,2018-09-23 10:52:08
207697,2358,「NOIP2016」玩具谜题,Accepted,100,252 ms,1.50 M,C++ 11,461 B,cutekibry,2018-09-23 10:51:38
207696,2611,「NOIP2013」积木大赛,Accepted,100,52 ms,508 K,C++ 11,398 B,cutekibry,2018-09-23 10:50:52
207694,2501,「NOIP2014」无线网络发射器选址,Accepted,100,28 ms,124 K,C++ 11,646 B,cutekibry,2018-09-23 10:49:59
207692,2602,「NOIP2012」Vigenère 密码,Accepted,100,20 ms,124 K,C++ 11,444 B,cutekibry,2018-09-23 10:49:37
207689,2592,「NOIP2010」机器翻译,Accepted,100,39 ms,252 K,C++ 11,468 B,cutekibry,2018-09-23 10:48:47
207687,2596,「NOIP2011」铺地毯,Accepted,100,45 ms,252 K,C++ 11,422 B,cutekibry,2018-09-23 10:47:56
207682,2498,「NOIP2014」生活大爆炸版石头剪刀布,Accepted,100,20 ms,124 K,C++ 11,604 B,cutekibry,2018-09-23 10:47:03
207678,2499,「NOIP2014」联合权值,Accepted,100,306 ms,7.37 M,C++ 11,1.4 K,cutekibry,2018-09-23 10:45:12
207677,2421,「NOIP2015」信息传递,Accepted,100,108 ms,1.87 M,C++ 11,646 B,cutekibry,2018-09-23 10:43:59
207676,2420,「NOIP2015」神奇的幻方,Accepted,100,30 ms,124 K,C++ 11,578 B,cutekibry,2018-09-23 10:43:42
207674,2316,「NOIP2017」逛公园,Accepted,100,2827 ms,38.00 M,C++ 11,2.3 K,cutekibry,2018-09-23 10:41:51
207673,2315,「NOIP2017」时间复杂度 ,Accepted,100,23 ms,124 K,C++ 11,1.3 K,cutekibry,2018-09-23 10:41:27
207672,2314,「NOIP2017」小凯的疑惑,Accepted,100,41 ms,124 K,C++ 11,124 B,cutekibry,2018-09-23 10:40:59
205935,538,「LibreOJ NOIP Round #1」数列递推,Accepted,100,2023 ms,544 K,C++ 11,1.2 K,cutekibry,2018-09-21 14:02:09
205866,537,「LibreOJ NOIP Round #1」DNA 序列,Accepted,100,339 ms,23.12 M,C++ 11,610 B,cutekibry,2018-09-21 12:56:48
205109,111,后缀排序,Accepted,100,1358 ms,20.18 M,C++ 11,1.0 K,cutekibry,2018-09-20 17:34:39
204820,115,无源汇有上下界可行流,Accepted,100,34 ms,604 K,C++ 11,2.4 K,cutekibry,2018-09-20 13:59:16
203277,114,k 大异或和,Accepted,100,228 ms,180 K,C++ 11,866 B,cutekibry,2018-09-19 13:06:01
202285,133,二维树状数组 1：单点修改，区间查询 ,Accepted,100,2876 ms,64.96 M,C++ 11,868 B,cutekibry,2018-09-18 17:40:57
201903,123,最小生成树,Accepted,100,1688 ms,6.62 M,C++ 11,942 B,cutekibry,2018-09-18 13:51:08
201873,113,最大异或和,Accepted,100,14 ms,124 K,C++ 11,546 B,cutekibry,2018-09-18 13:33:06
201480,127,最大流 加强版,Accepted,100,10128 ms,3.00 M,C++ 11,3.0 K,cutekibry,2018-09-17 21:45:21
200427,119,非负权单源最短路,Accepted,100,42 ms,636 K,C++ 11,1.4 K,cutekibry,2018-09-16 20:01:25
200405,107,维护全序集,Accepted,100,1223 ms,14.52 M,C++ 11,1.9 K,cutekibry,2018-09-16 19:45:55
200233,112,三维偏序,Accepted,100,1164 ms,3.43 M,C++ 11,1.7 K,cutekibry,2018-09-16 16:33:17
200231,110,乘法逆元,Accepted,100,689 ms,22.96 M,C++ 11,285 B,cutekibry,2018-09-16 16:32:10
200218,109,并查集,Accepted,100,1877 ms,30.62 M,C++ 11,850 B,cutekibry,2018-09-16 16:27:03
199730,106,二逼平衡树,Accepted,100,1032 ms,115.60 M,C++ 11,4.4 K,cutekibry,2018-09-15 23:00:31
199723,105,文艺平衡树,Accepted,100,907 ms,2.19 M,C++ 11,1.7 K,cutekibry,2018-09-15 22:54:23
199665,104,普通平衡树,Accepted,100,286 ms,1.50 M,C++ 11,2.3 K,cutekibry,2018-09-15 21:50:44
199662,103,子串查找,Accepted,100,106 ms,1.25 M,C++ 11,544 B,cutekibry,2018-09-15 21:48:10
199621,102,最小费用流,Accepted,100,3263 ms,636 K,C++ 11,1.6 K,cutekibry,2018-09-15 21:23:48
199282,101,最大流,Accepted,100,114 ms,252 K,C++ 11,1.4 K,cutekibry,2018-09-15 13:56:14
198932,100,矩阵乘法,Accepted,100,1441 ms,3.02 M,C++ 11,676 B,cutekibry,2018-09-15 9:50:56
20479,3,Copycat,Accepted,100,18 ms,376 K,C++ 11,276 B,cutekibry,2017-07-26 14:19:30
20475,2,"Hello, World!",Accepted,100,14 ms,3.19 M,Python 3,22 B,cutekibry,2017-07-26 14:13:07
20474,1,A + B Problem,Accepted,100,44 ms,3.36 M,Python 3,58 B,cutekibry,2017-07-26 14:09:43
